﻿<mockup version="5.3" minAllowVersion="5.3" ID="9ACBB1EA-E682-4D0C-B0BF-4E8C256D9E81" platform="MtMobile" defaultW="375" defaultH="667" measureW="375" measureH="667" screenOrientation="MoPortrait" mobileScreenScale="1.77777779102325" clipArea="(0,0,0,0)">
  <controls controlCount="10">
    <control controlID="04398EB4-C930-E811-9783-A8BE27C7016C" controlTypeID="StatusBar(IOS)" x="0" y="0" w="375" h="20" zOrder="0">
      <color>0</color>
    </control>
    <control controlID="DEC367B7-C930-E811-9783-A8BE27C7016C" controlTypeID="Label" x="130" y="197" w="106" h="38" zOrder="1">
      <font family="Segoe+UI" displayName="Segoe+UI" postScript="" weightStyle="Normal" weight="400" isBold="False" isItalic="False"/>
      <text>WizNote</text>
      <textColor>4294967295</textColor>
      <textSize>28</textSize>
      <lineSpacing>0</lineSpacing>
      <useDefaultTextSize>False</useDefaultTextSize>
      <selectedIndex>-1</selectedIndex>
    </control>
    <control controlID="C21F88C0-C930-E811-9783-A8BE27C7016C" controlTypeID="Label" x="146" y="334" w="76" h="27" zOrder="2">
      <font family="Segoe+UI" displayName="Segoe+UI" postScript="" weightStyle="Normal" weight="400" isBold="False" isItalic="False"/>
      <text>WizNote</text>
      <textColor>4294967295</textColor>
      <textSize>20</textSize>
      <lineSpacing>0</lineSpacing>
      <useDefaultTextSize>False</useDefaultTextSize>
      <selectedIndex>-1</selectedIndex>
    </control>
    <control controlID="76C0D2C6-C930-E811-9783-A8BE27C7016C" controlTypeID="TextArea" x="79" y="370" w="218" h="61" zOrder="3">
      <font family="Segoe+UI" displayName="Segoe+UI" postScript="" weightStyle="Normal" weight="400" isBold="False" isItalic="False"/>
      <text>A+cloud+service+note+software%0Ato+help+you+remember%0Aeverything.</text>
      <textColor>4294967295</textColor>
      <textAlign>HaCenter</textAlign>
      <selectedIndex>-1</selectedIndex>
    </control>
    <control controlID="3E5DCCEA-C930-E811-9783-A8BE27C7016C" controlTypeID="Button" x="18" y="570" w="162" h="42" zOrder="4">
      <color>2583691263</color>
      <borderVisible>False</borderVisible>
      <font family="Segoe+UI" displayName="Segoe+UI" postScript="" weightStyle="Normal" weight="400" isBold="False" isItalic="False"/>
      <text>Sign+Up</text>
      <textColor>4279714961</textColor>
      <textSize>16</textSize>
      <lineSpacing>0</lineSpacing>
      <useDefaultTextSize>False</useDefaultTextSize>
      <selectedIndex>-1</selectedIndex>
    </control>
    <control controlID="12D6F500-CA30-E811-9783-A8BE27C7016C" controlTypeID="Button" x="196" y="570" w="162" h="42" zOrder="5">
      <borderVisible>False</borderVisible>
      <font family="Segoe+UI" displayName="Segoe+UI" postScript="" weightStyle="Normal" weight="400" isBold="False" isItalic="False"/>
      <text>Sign+In</text>
      <textColor>4279714961</textColor>
      <textSize>16</textSize>
      <lineSpacing>0</lineSpacing>
      <useDefaultTextSize>False</useDefaultTextSize>
      <selectedIndex>-1</selectedIndex>
    </control>
    <control controlID="BCF57E12-CA30-E811-9783-A8BE27C7016C" controlTypeID="Label" x="57" y="629" w="73" h="19" zOrder="6">
      <font family="Segoe+UI" displayName="Segoe+UI" postScript="" weightStyle="Normal" weight="400" isBold="False" isItalic="False"/>
      <text>Social+Login</text>
      <textColor>4294967295</textColor>
      <lineSpacing>0</lineSpacing>
      <selectedIndex>-1</selectedIndex>
    </control>
    <control controlID="DAE6A419-CA30-E811-9783-A8BE27C7016C" controlTypeID="Label" x="225" y="629" w="92" h="19" zOrder="7">
      <font family="Segoe+UI" displayName="Segoe+UI" postScript="" weightStyle="Normal" weight="400" isBold="False" isItalic="False"/>
      <text>Skip+Sign-Up+%3E</text>
      <textColor>4294967295</textColor>
      <lineSpacing>0</lineSpacing>
      <selectedIndex>-1</selectedIndex>
    </control>
    <control controlID="78DEBC39-CA30-E811-9783-A8BE27C7016C" controlTypeID="Shape" x="168" y="504" w="15" h="4" zOrder="8">
      <borderVisible>False</borderVisible>
      <font family="Segoe+UI" displayName="Segoe+UI" postScript="" weightStyle="Normal" weight="400" isBold="False" isItalic="False"/>
      <textSize>14</textSize>
      <selectedIndex>-1</selectedIndex>
    </control>
    <control controlID="FC43B449-CA30-E811-9783-A8BE27C7016C" controlTypeID="Shape" x="194" y="504" w="15" h="4" zOrder="9">
      <color>2332033023</color>
      <borderVisible>False</borderVisible>
      <font family="Segoe+UI" displayName="Segoe+UI" postScript="" weightStyle="Normal" weight="400" isBold="False" isItalic="False"/>
      <textSize>14</textSize>
      <selectedIndex>-1</selectedIndex>
    </control>
  </controls>
  <param>
    <backgroundColor>4283597512</backgroundColor>
    <fontSize>14</fontSize>
    <fontFamily/>
    <guideLines/>
  </param>
</mockup>