﻿<LinkSources version="1.02">
  <page ID="0B4E8C0B-42F1-4C05-9689-436BBD411F59">
    <linkSource sourcePageID="F550B6EB-8320-43F1-A539-E845DBC279E3" comID="441E16D6-D7F9-E711-B6D2-787B8ABCE684" comLinkType="cltPageLink"/>
    <linkSource sourcePageID="DF9E6EEB-8D55-4E8E-B6F4-8C2CAA640DDE" comID="DE3F2C1A-82DF-4F4D-8E5E-BF0EA3614063" comLinkType="cltPageLink"/>
    <linkSource sourcePageID="F3A898DE-6A4E-496A-9563-5FE659AA5A78" comID="FD8E0AB9-14DE-4759-955E-C66C5926AAFF" comLinkType="cltPageLink"/>
    <linkSource sourcePageID="1D64C98F-B9EE-4ECE-8FBD-4F0B98ECB694" comID="6A0046D2-4A3D-4C9A-8224-A96DCB8D25F2" comLinkType="cltPageLink"/>
    <linkSource sourcePageID="0B4E8C0B-42F1-4C05-9689-436BBD411F59" comID="AAB478DD-D371-4A87-9F6F-2999CCFFE193" comLinkType="cltPageLink"/>
    <linkSource sourcePageID="1D64C98F-B9EE-4ECE-8FBD-4F0B98ECB694" comID="876DFFB1-8975-45F1-80CE-620AE5C492BC" comLinkType="cltPageLink"/>
    <linkSource sourcePageID="E84A8A3D-BE65-4321-97C6-B2125C02B145" comID="6A0046D2-4A3D-4C9A-8224-A96DCB8D25F2" comLinkType="cltPageLink"/>
    <linkSource sourcePageID="E84A8A3D-BE65-4321-97C6-B2125C02B145" comID="876DFFB1-8975-45F1-80CE-620AE5C492BC" comLinkType="cltPageLink"/>
    <linkSource sourcePageID="2C05D8F8-B407-4360-AFCB-1222094EC89B" comID="6A0046D2-4A3D-4C9A-8224-A96DCB8D25F2" comLinkType="cltPageLink"/>
    <linkSource sourcePageID="2C05D8F8-B407-4360-AFCB-1222094EC89B" comID="876DFFB1-8975-45F1-80CE-620AE5C492BC" comLinkType="cltPageLink"/>
    <linkSource sourcePageID="D31D9508-0EFF-49F3-AA28-266162586116" comID="6A0046D2-4A3D-4C9A-8224-A96DCB8D25F2" comLinkType="cltPageLink"/>
  </page>
  <page ID="F3A898DE-6A4E-496A-9563-5FE659AA5A78">
    <linkSource sourcePageID="DF9E6EEB-8D55-4E8E-B6F4-8C2CAA640DDE" comID="33446BE3-9EEC-42AB-8FD6-FCF99CE4688B" comLinkType="cltPageLink"/>
    <linkSource sourcePageID="F550B6EB-8320-43F1-A539-E845DBC279E3" comID="15C4E676-9D46-43C1-AE9E-C1FBF37B1B3E" comLinkType="cltPageLink"/>
    <linkSource sourcePageID="0B4E8C0B-42F1-4C05-9689-436BBD411F59" comID="F5ACD2F6-77F8-4616-ACD4-BACD55963210" comLinkType="cltPageLink"/>
  </page>
  <page ID="DF9E6EEB-8D55-4E8E-B6F4-8C2CAA640DDE">
    <linkSource sourcePageID="F3A898DE-6A4E-496A-9563-5FE659AA5A78" comID="A364BF8D-E48F-45F3-A2F5-D0EAE992B5FA" comLinkType="cltPageLink"/>
    <linkSource sourcePageID="F3A898DE-6A4E-496A-9563-5FE659AA5A78" comID="6C201740-D5D4-4284-92C8-7026EB9F572A" comLinkType="cltPageLink"/>
    <linkSource sourcePageID="0B4E8C0B-42F1-4C05-9689-436BBD411F59" comID="12D6F500-CA30-E811-9783-A8BE27C7016C" comLinkType="cltPageLink"/>
    <linkSource sourcePageID="F550B6EB-8320-43F1-A539-E845DBC279E3" comID="BAAFA39D-29FD-464A-BDC8-069A20690390" comLinkType="cltPageLink"/>
    <linkSource sourcePageID="0B4E8C0B-42F1-4C05-9689-436BBD411F59" comID="4E5DCE0D-4791-4BF5-AF5D-26D3DF2460DE" comLinkType="cltPageLink"/>
  </page>
  <page ID="1D64C98F-B9EE-4ECE-8FBD-4F0B98ECB694">
    <linkSource sourcePageID="DF9E6EEB-8D55-4E8E-B6F4-8C2CAA640DDE" comID="8BF4A446-4F6E-4B3F-833B-9DD38E947788" comLinkType="cltPageLink"/>
    <linkSource sourcePageID="1D64C98F-B9EE-4ECE-8FBD-4F0B98ECB694" comID="876DFFB1-8975-45F1-80CE-620AE5C492BC" comLinkType="cltPageLink"/>
    <linkSource sourcePageID="2C05D8F8-B407-4360-AFCB-1222094EC89B" comID="D78DC5E8-1448-422C-AE1F-AB7E2257A5B3" comLinkType="cltPageLink"/>
    <linkSource sourcePageID="2C05D8F8-B407-4360-AFCB-1222094EC89B" comID="6F3A5A51-4FEC-41EC-8F56-C5ED51B5D8AC" comLinkType="cltPageLink"/>
    <linkSource sourcePageID="E84A8A3D-BE65-4321-97C6-B2125C02B145" comID="9608AA62-9AAA-42EF-8179-06B5F81A0CDE" comLinkType="cltPageLink"/>
    <linkSource sourcePageID="E84A8A3D-BE65-4321-97C6-B2125C02B145" comID="E4380C7D-4BF4-486D-9FE8-157F1A53A236" comLinkType="cltPageLink"/>
    <linkSource sourcePageID="D31D9508-0EFF-49F3-AA28-266162586116" comID="6F3A5A51-4FEC-41EC-8F56-C5ED51B5D8AC" comLinkType="cltPageLink"/>
    <linkSource sourcePageID="D31D9508-0EFF-49F3-AA28-266162586116" comID="D78DC5E8-1448-422C-AE1F-AB7E2257A5B3" comLinkType="cltPageLink"/>
    <linkSource sourcePageID="D31D9508-0EFF-49F3-AA28-266162586116" comID="37BD5E5C-B4D9-4CA5-B672-8923D27DEFA2" comLinkType="cltPageLink"/>
    <linkSource sourcePageID="E84A8A3D-BE65-4321-97C6-B2125C02B145" comID="A2C459E1-18E2-47AA-8A24-EB6B609651CF" comLinkType="cltPageLink"/>
    <linkSource sourcePageID="2C05D8F8-B407-4360-AFCB-1222094EC89B" comID="FAE4B634-8BAF-46FF-98A4-ACCE33B17788" comLinkType="cltPageLink"/>
  </page>
  <page ID="D31D9508-0EFF-49F3-AA28-266162586116">
    <linkSource sourcePageID="D31D9508-0EFF-49F3-AA28-266162586116" comID="15CE6EAB-8519-4E24-A6BB-D0FF84921FE6" comLinkType="cltPageLink"/>
    <linkSource sourcePageID="D31D9508-0EFF-49F3-AA28-266162586116" comID="876DFFB1-8975-45F1-80CE-620AE5C492BC" comLinkType="cltPageLink"/>
    <linkSource sourcePageID="1D64C98F-B9EE-4ECE-8FBD-4F0B98ECB694" comID="1C97EAD7-CC06-4BFE-8F82-650665CE1C75" comLinkType="cltPageLink"/>
  </page>
  <page ID="E84A8A3D-BE65-4321-97C6-B2125C02B145">
    <linkSource sourcePageID="E84A8A3D-BE65-4321-97C6-B2125C02B145" comID="876DFFB1-8975-45F1-80CE-620AE5C492BC" comLinkType="cltPageLink"/>
    <linkSource sourcePageID="1D64C98F-B9EE-4ECE-8FBD-4F0B98ECB694" comID="811CDF2C-1E0C-4355-8656-B5C5026443FD" comLinkType="cltPageLink"/>
    <linkSource sourcePageID="1D64C98F-B9EE-4ECE-8FBD-4F0B98ECB694" comID="2E061BB8-1DD0-40B6-B7B0-0EF199A69A39" comLinkType="cltPageLink"/>
    <linkSource sourcePageID="1D64C98F-B9EE-4ECE-8FBD-4F0B98ECB694" comID="24B702D0-027E-47F6-B9B6-274C7883A0D2" comLinkType="cltPageLink"/>
    <linkSource sourcePageID="2C05D8F8-B407-4360-AFCB-1222094EC89B" comID="19420499-E84D-473C-995E-AE67F359E76D" comLinkType="cltPageLink"/>
  </page>
  <page ID="2C05D8F8-B407-4360-AFCB-1222094EC89B">
    <linkSource sourcePageID="2C05D8F8-B407-4360-AFCB-1222094EC89B" comID="15CE6EAB-8519-4E24-A6BB-D0FF84921FE6" comLinkType="cltPageLink"/>
    <linkSource sourcePageID="2C05D8F8-B407-4360-AFCB-1222094EC89B" comID="876DFFB1-8975-45F1-80CE-620AE5C492BC" comLinkType="cltPageLink"/>
    <linkSource sourcePageID="E84A8A3D-BE65-4321-97C6-B2125C02B145" comID="C6AC0DAC-C030-45DB-98BF-76AB57F9B974" comLinkType="cltPageLink"/>
  </page>
  <page ID="C78A32E3-AF4F-4999-893A-5B65F60CF412">
    <linkSource sourcePageID="0B4E8C0B-42F1-4C05-9689-436BBD411F59" comID="0C6C68B5-10FC-43F9-83CE-71BB48D63188" comLinkType="cltPageLink"/>
    <linkSource sourcePageID="1D64C98F-B9EE-4ECE-8FBD-4F0B98ECB694" comID="1B5EA56C-CD9B-4957-89F6-CADD3274FEF3" comLinkType="cltPageLink"/>
  </page>
  <page ID="F550B6EB-8320-43F1-A539-E845DBC279E3">
    <linkSource sourcePageID="0B4E8C0B-42F1-4C05-9689-436BBD411F59" comID="12D6F500-CA30-E811-9783-A8BE27C7016C" comLinkType="cltPageLink"/>
    <linkSource sourcePageID="0B4E8C0B-42F1-4C05-9689-436BBD411F59" comID="C7194E1C-E0D5-40B5-BA4E-AC96E0C25EED" comLinkType="cltPageLink"/>
  </page>
</LinkSources>